name,first_seen,last_seen,n_snapshots,email,title
Aaron Hollister,2011-05-12,2016-04-07,10,aaron.hollister@sfgov.org,
Aaron Starr,2011-05-12,2024-08-09,24,aaron.starr@sfgov.org,Principal Planner
Aaron Yen,2017-07-25,2019-01-02,6,Aaron.Yen@sfgov.org,
Ada Tan,2016-04-07,2024-08-09,12,Ada.Tan@sfgov.org,Planner
Adam Varat,2011-05-12,2019-01-02,20,adam.varat@sfgov.org,
Adrian Putra,2011-05-12,2026-04-15,27,adrian.putra@sfgov.org,Senior Planner
Adrienne Aquino,2016-04-07,2016-07-22,2,Adrienne.Aquino@sfgov.org,
Adrienne Hyder,2016-04-07,2019-01-02,11,Adrienne.Hyder@sfgov.org,
Agnes Lau,2011-05-12,2019-01-02,21,agnes.lau@sfgov.org,
Aksel Olsen,2011-05-12,2016-04-07,10,aksel.olsen@sfgov.org,
Alana Callagy,2016-04-07,2019-01-02,11,Alana.Callagy@sfgov.org,
Alesia Hsaio,2017-07-25,2019-01-02,6,Alesia.Hsaio@sfgov.org,
Alessandro Hall,2023-12-03,2024-08-09,3,alessandro.hall@sfgov.org,Assistant Planner
Alex Westhoff,2023-05-28,2024-04-18,3,alex.westhoff@sfgov.org,Senior Planner
Alexandra Kirby,2016-04-07,2019-01-02,12,alexandra.kirby@sfgov.org,
Alexis Smith,2011-05-12,2016-04-07,10,alexis.smith@sfgov.org,
Alicia Gonzales,2023-05-28,2023-05-28,1,alicia.gonzales@sfgov.org,Senior Planner
Alicia Johnbaptiste,2011-05-12,2012-11-01,7,alicia.johnbaptiste@sfgov.org,
Allison Albericci,2018-04-02,2025-03-15,9,Allison.Albericci@sfgov.org,Senior Architect & Urban Designer
Allison Vanderslice,2013-02-20,2024-04-18,16,allison.vanderslice@sfgov.org,Principal Environmental Planner
Alton Chinn,2011-05-12,2024-08-09,24,alton.chinn@sfgov.org,Senior Analyst
Amnon Ben-Pazi,2011-05-12,2026-04-15,27,amnon.ben-pazi@sfgov.org,Senior Planner
Amy Campbell,2024-04-18,2026-04-15,5,amy.campbell@sfgov.org,President
Andrea Contreras,2011-05-12,2016-04-07,10,andrea.contreras@sfgov.org,
Andrea Green,2011-05-12,2019-01-02,20,andrea.green@sfgov.org,
Andrea Modena,2011-05-12,2018-04-02,18,andrea.modena@sfgov.org,
Andrea Nelson,2016-04-07,2019-01-02,11,Andrea.Nelson@sfgov.org,
Andres Power,2011-05-12,2012-02-16,4,andres.power@sfgov.org,
Andrew Perry,2016-04-07,2026-04-15,19,Andrew.Perry@sfgov.org,Senior Planner
Angela Huisman,2012-02-16,2013-05-14,6,angela.huisman@sfgov.org,
Angie Beavis,2016-04-07,2018-01-05,8,Angie.Beavis@sfgov.org,
Anika Lyons,2016-04-07,2019-01-02,11,Anika.Lyons@sfgov.org,
Anmarie Rodgers,2011-05-12,2019-01-02,20,anmarie.rodgers@sfgov.org,
Anna Wong,2016-10-25,2018-01-05,6,Anna.Wong@sfgov.org,
Anne Brask,2016-04-07,2018-04-02,9,anne.brask@sfgov.org,
Anne Yalon,2023-05-28,2025-03-15,5,anne.yalon@sfgov.org,Communication Specialist
Anthony Rozzi,2016-04-07,2016-04-07,1,Anthony.Rozzi@sfgov.org,
Anthony Urbina,2011-05-12,2011-07-25,2,anthony.urbina@sfgov.org,
Aseel Fara,2023-05-28,2026-04-15,6,aseel.fara@sfgov.org,Community Development Assistant
Ashley Lindsay,2017-07-25,2026-04-15,14,Ashley.Lindsay@sfgov.org,Planner
Ashley Woods,2016-10-25,2018-01-05,6,Ashley.Woods@sfgov.org,
Audrey Butkus,2016-04-07,2019-01-02,11,Audrey.Butkus@sfgov.org,
Audrey Harris,2016-04-07,2019-01-02,11,Audrey.Harris@sfgov.org,
Audrey Merlone,2023-05-28,2026-04-15,7,audrey.merlone@sfgov.org,Senior Legislative Planner
Avi Asherov,2016-04-07,2016-04-07,1,Avi.Asherov@sfgov.org,
Barry Wong,2023-05-28,2026-04-15,6,barry.w.wong@sfgov.org,Help Desk
Becca Latto,2023-05-28,2026-04-15,7,rebecca.latto@sfgov.org,Data Scientist
Bella Liu,2023-05-28,2026-04-15,7,bella.liu@sfgov.org,Senior Revenue Analyst
Belle La,2016-04-07,2019-01-02,11,Belle.La@sfgov.org,
Ben Caldwell,2016-04-07,2019-01-02,11,Ben.Caldwell@sfgov.org,
Ben Fu,2011-05-12,2016-04-07,10,ben.fu@sfgov.org,
Benjamin Caldwell,2023-05-28,2024-08-09,4,benjamin.caldwell@sfgov.org,Planner
Benjamin Lamb,2023-05-28,2026-04-15,7,benjamin.lamb@sfgov.org,Environmental Planner
Bernadine Gonsalez,2016-04-07,2016-04-07,1,Bernadine.Gonsalez@sfgov.org,
Bianca Chui,2025-09-17,2026-04-15,2,bianca.chui@sfgov.org,Budget and Grants Analyst
Biling Jiang,2023-05-28,2026-04-15,7,biling.jiang@sfgov.org,Administrative Analyst
Bill Wycko,2011-05-12,2013-02-20,8,bill.wycko@sfgov.org,
Branden Gunn,2023-05-28,2023-05-28,1,branden.gunn@sfgov.org,Planner
Brett Becker,2011-05-12,2012-11-01,7,brett.becker@sfgov.org,
Brett Bollinger,2011-05-12,2018-01-05,17,brett.bollinger@sfgov.org,
Brian Smith,2011-05-12,2012-11-01,7,brian.smith@sfgov.org,
Bridget Hicks,2018-10-03,2026-04-15,9,Bridget.Hicks@sfgov.org,Senior Planner
Brittany Bendix,2011-12-17,2018-04-02,16,brittany.bendix@sfgov.org,
Candace SooHoo,2023-05-28,2026-04-15,7,candace.soohoo@sfgov.org,Office Manager
Candace Soohoo,2013-05-14,2019-01-02,12,candace.soohoo@sfgov.org,
Carla de Mesa,2023-05-28,2026-04-15,7,carla.demesa@sfgov.org,Senior Community Development Specialist
Carly Grob,2016-04-07,2026-04-15,18,Carly.Grob@sfgov.org,"Principal Planner, Team Manager"
Carrie Dovzak,2011-05-12,2011-05-12,1,carrie.dovzak@sfgov.org,
Casey Noel,2013-05-14,2013-05-14,1,casey.noel@sfgov.org,
Cassie Hoeprich,2017-07-25,2018-04-02,4,Cassie.Hoeprich@sfgov.org,
Catherine Cruz,2026-04-15,2026-04-15,1,catherinecruz@sfgov.org,IS Business Analyst Principal
Cathleen Campbell,2016-07-22,2019-01-02,11,Cathleen.Campbell@sfgov.org,
Cathy Thai,2011-05-12,2018-07-09,19,cathy.thai@sfgov.org,
Celina Chan,2018-10-03,2019-01-02,2,Celina.Chan@sfgov.org,
Chanbory Son,2016-04-07,2026-04-15,18,Chanbory.Son@sfgov.org,Executive Secretary
Charles Enchill,2023-05-28,2025-03-15,4,charles.enchill@sfgov.org,Senior Planner
Chaska Berger,2016-04-07,2023-05-28,12,Chaska.Berger@sfgov.org,Senior Planner
Chelsea Fordham,2011-05-12,2026-04-15,27,chelsea.fordham@sfgov.org,Principal Environmental Planner
Chris Foley,2023-05-28,2026-04-15,7,chris.foley@sfgov.org,"Vice President, Seat 5, Preservation Professional"
Chris Kern,2011-05-12,2019-01-02,20,chris.kern@sfgov.org,
Chris Townes,2016-04-07,2019-01-02,12,Chris.Townes@sfgov.org,
Christine Haw,2011-05-12,2018-04-02,18,christine.haw@sfgov.org,
Christine Lamorena,2011-05-12,2013-05-14,9,christine.lamorena@sfgov.org,
Christopher Espiritu,2012-08-15,2019-01-02,15,christopher.espiritu@sfgov.org,
Christopher May,2016-04-07,2019-01-02,12,Christopher.May@sfgov.org,
Christopher Thomas,2016-04-07,2019-01-02,11,Christopher.Thomas@sfgov.org,
Christy Alexander,2016-04-07,2026-04-15,19,Christy.Alexander@sfgov.org,Senior Planner
Cindy Tong,2016-04-07,2018-01-05,8,Cindy.Tong@sfgov.org,
Claire Feeney,2023-05-28,2026-04-15,7,claire.feeney@sfgov.org,Senior Planner
Claire Flanegin,2026-04-15,2026-04-15,1,claire.flanegin@sfgov.org,Assistant Planner
Claudia Flores,2011-05-12,2026-04-15,25,claudia.flores@sfgov.org,Principal Planner
Claudine Asbagh,2016-04-07,2026-04-15,19,Claudine.Asbagh@sfgov.org,"Principal Planner, Team Manager"
Colin Clarke,2016-04-07,2019-01-02,11,Colin.Clarke@sfgov.org,
Commission Affairs SF Planning,2023-05-28,2026-04-15,7,commissions.secretary@sfgov.org,
Corey Teague,2011-05-12,2024-08-09,24,corey.teague@sfgov.org,Zoning Administrator
Courtney Ferris,2016-10-25,2018-10-03,8,Courtney.Ferris@sfgov.org,
Craig Jung,2013-05-14,2016-04-07,2,craig.jung@sfgov.org,
Cynthia Servetnick,2016-04-07,2016-04-07,1,Cynthia.Servetnick@sfgov.org,
Dakota Spycher,2023-05-28,2024-08-09,4,dakota.spycher@sfgov.org,Planner
Dan Baroni,2025-03-15,2026-04-15,3,dan.baroni@sfgov.org,"Commissioner, Seat 6 – Preservation Professional"
Dan Sider,2011-05-12,2019-01-02,20,dan.sider@sfgov.org,
Daniel Sider,2023-05-28,2026-04-15,7,dan.sider@sfgov.org,Chief of Staff
Daniel Sirois,2016-07-22,2018-01-05,7,Daniel.Sirois@sfgov.org,
Daniel Wu,2017-07-25,2019-01-02,6,Daniel.Wu@sfgov.org,
Danielle Deruiter,2016-04-07,2018-04-02,9,Danielle.DeRuiter@sfgov.org,
Danielle Ngo,2023-05-28,2026-04-15,7,danielle.ngo@sfgov.org,Senior Planner
Danny Yeung,2016-04-07,2016-04-07,1,Danny.Yeung@sfgov.org,
Dario Jones,2011-05-12,2026-04-15,27,dario.jones@sfgov.org,Senior Planner
David Alumbaugh,2011-05-12,2016-04-07,10,david.alumbaugh@sfgov.org,
David Brosky,2016-07-22,2019-01-02,10,David.Brosky@sfgov.org,
David Garcia,2023-05-28,2026-04-15,7,david.h.garcia@sfgov.org,Planner
David Leong,2016-04-07,2018-01-05,8,David.Leong@sfgov.org,
David Lindsay,2011-05-12,2018-04-02,18,david.lindsay@sfgov.org,
David Weissglass,2017-04-15,2019-01-02,8,David.Weissglass@sfgov.org,
David Winslow,2011-05-12,2025-09-17,26,david.winslow@sfgov.org,Principal Architect
David Young,2018-10-03,2024-04-18,5,David.Young@sfgov.org,Senior Environmental Planner
Deborah Landis,2016-04-07,2026-04-15,18,Deborah.Landis@sfgov.org,Deputy Director of Administration
Deborah Sanders,2018-04-02,2026-04-15,10,Deborah.Sanders@sfgov.org,Executive Assistant
Debra Dwyer,2011-05-12,2025-09-17,25,debra.dwyer@sfgov.org,Principal Environmental Planner
Delvin Washington,2011-05-12,2019-01-02,21,delvin.washington@sfgov.org,
Derek Braun,2023-05-28,2026-04-15,7,derek.braun@sfgov.org,Commissioner
Desiree Smith,2016-10-25,2019-01-02,10,Desiree.Smith@sfgov.org,
Devyani Jain,2011-05-12,2026-04-15,27,devyani.jain@sfgov.org,Deputy Director of Environmental Planning
Diana La,2023-05-28,2026-04-15,7,diana.la@sfgov.org,Senior Analyst
Diana Sokolove,2011-05-12,2018-04-02,18,diana.sokolove@sfgov.org,
Diane Livia,2017-07-25,2019-01-02,6,Diane.Livia@sfgov.org,
Diane Matsuda,2023-05-28,2026-04-15,7,diane.matsuda@sfgov.org,"President, SEAT 7 At Large"
Diego Sanchez,2011-05-12,2019-01-02,20,diego.sanchez@sfgov.org,
Diego Sánchez,2023-05-28,2026-04-15,7,diego.sanchez@sfgov.org,Manager
Don Lewis,2011-05-12,2026-04-15,27,don.lewis@sfgov.org,Senior Environmental Planner
Donnie Wong,2011-05-12,2018-01-05,17,donnie.wong@sfgov.org,
Dori Ganetsos,2017-10-24,2019-01-02,6,Dori.Ganetsos@sfgov.org,
Doug Vu,2012-02-16,2019-01-02,18,doug.vu@sfgov.org,
Douglas Johnson,2017-07-25,2019-01-02,6,Douglas.Johnson@sfgov.org,
Dylan Hamilton,2023-12-03,2025-09-17,5,dylan.hamilton@sfgov.org,Planner
Edgar Oropeza,2011-05-12,2026-04-15,28,edgar.oropeza@sfgov.org,Senior Planner
Eiliesh Tuffy,2016-04-07,2019-01-02,12,Eiliesh.Tuffy@sfgov.org,
Eleanor R. Cox,2025-09-17,2026-04-15,2,eleanor.cox@sfgov.org,"Commissioner, Seat 3 Architectural Historian"
Elena Moore,2023-05-28,2026-04-15,7,elena.moore@sfgov.org,Assistant Planner
Elizabeth Gordon-Jonckheer,2016-04-07,2026-04-15,19,Elizabeth.Gordon-Jonckheer@sfgov.org,"Principal Planner, Team Manager"
Elizabeth Mau,2023-05-28,2026-04-15,7,elizabeth.mau@sfgov.org,Assistant Planner
Elizabeth Purl,2013-02-20,2026-04-15,20,elizabeth.purl@sfgov.org,Senior Planner
Elizabeth Skrondal,2011-05-12,2018-01-05,17,elizabeth.skrondal@sfgov.org,
Elizabeth Watty,2011-05-12,2024-04-18,24,elizabeth.watty@sfgov.org,Director of Current Planning
Elizabeth White,2017-07-25,2024-04-18,9,Elizabeth.White@sfgov.org,Senior Environmental Planner
Ella Samonsky,2016-04-07,2026-04-15,19,Ella.Samonsky@sfgov.org,Principal Planner
Elton Wu,2023-05-28,2023-05-28,1,elton.wu@sfgov.org,Assistant Planner
Erica Russell,2016-04-07,2026-04-15,19,Erica.Russell@sfgov.org,Planner Technician III
Erick Jaszewski,2013-05-14,2013-05-14,1,erick.jaszewski@sfgov.org,
Erik Jaszewski,2016-04-07,2016-04-07,1,Erik.Jaszewski@sfgov.org,
Erika Jackson,2011-05-12,2026-04-15,27,erika.jackson@sfgov.org,Senior Planner
Erika Lovejoy,2011-05-12,2012-02-16,4,erika.lovejoy@sfgov.org,
Esmeralda Jardines,2016-04-07,2026-04-15,19,Esmeralda.Jardines@sfgov.org,Senior Planner
Eugenio Salcedo,2016-04-07,2019-01-02,11,Eugenio.Salcedo@sfgov.org,
Evamarie Atijera,2011-05-12,2019-01-02,20,evamarie.atijera@sfgov.org,
Faizan Shaikh,2023-05-28,2026-04-15,7,faizan.shaikh@sfgov.org,IT Operations Support
Firstname Lastname,2013-08-05,2013-08-05,1,firstname.lastname@sfgov.org,
Florentina Craciun,2023-05-28,2023-12-03,2,florentina.craciun@sfgov.org,Senior Environmental Planner
Frances McMillen,2023-05-28,2026-04-15,7,frances.mcmillen@sfgov.org,Senior Planner
Frances Mcmillen,2016-10-25,2019-01-02,10,Frances.McMillen@sfgov.org,
Gabriela Pantoja,2017-04-15,2026-04-15,15,Gabriela.Pantoja@sfgov.org,Planner
Gary Chen,2011-05-12,2026-04-15,27,gary.chen@sfgov.org,Graphic Designer
Genta Yoshikawa,2011-05-12,2019-01-02,20,genta.yoshikawa@sfgov.org,
Georgia Powell,2011-05-12,2019-01-02,21,georgia.powell@sfgov.org,
Gerardo Saavedra-Tapia,2023-05-28,2026-04-15,7,,Public Service Aide
Gil Kelley,2016-04-07,2018-04-02,9,Gil.Kelley@sfgov.org,
Gilbert Williams,2023-05-28,2025-09-17,5,,Commissioner
Gina Simi,2016-04-07,2019-01-02,11,Gina.Simi@sfgov.org,
Gladys Fausto,2011-05-12,2013-05-14,9,gladys.fausto@sfgov.org,
Glenn Cabreros,2011-05-12,2026-04-15,27,glenn.cabreros@sfgov.org,Principal Planner
Gonzalo Mosquera,2016-04-07,2016-04-07,1,Gonzalo.Mosquera@sfgov.org,
Greg Riessen,2011-05-12,2018-04-02,18,greg.riessen@sfgov.org,
Gregory Wong,2017-07-25,2018-01-05,3,Gregory.Wong@sfgov.org,
Gretchen Hilyard,2012-05-16,2018-04-02,14,gretchen.hilyard@sfgov.org,
Gretel Gunther,2023-05-28,2026-04-15,7,gretel.gunther@sfgov.org,Senior Planner
Hanieh Gholami,2026-04-15,2026-04-15,1,hanieh.gholami@sfgov.org,Accountant
Hans Baldauf,2024-04-18,2026-04-15,5,hans.baldauf@sfgov.org,"Commissioner, Seat 2"
Heather Jones,2016-04-07,2018-04-02,9,Heather.Jones@sfgov.org,
Heather Samuels,2023-05-28,2026-04-15,7,heather.samuels@sfgov.org,Planner
Heidi Kline,2012-02-16,2019-01-02,17,heidi.kline@sfgov.org,
Hien Nguyen,2012-02-16,2016-04-07,7,hien.nguyen@sfgov.org,
Honora Montano,2023-05-28,2026-04-15,7,honora.montano@sfgov.org,Planner
Ilaria Salvadori,2011-05-12,2026-04-15,27,ilaria.salvadori@sfgov.org,Senior Planner
Ira Daniel,2017-07-25,2018-04-02,4,Ira.Daniel@sfgov.org,
Irene Cheng-Tam,2011-05-12,2016-04-07,10,irene.cheng-tam@sfgov.org,
Irene Nishimura,2011-05-12,2013-05-14,9,irene.nishimura@sfgov.org,
Isabelle Vulis,2011-05-12,2024-04-18,23,isabelle.vulis@sfgov.org,Project Manager
Isoken Omokaro,2011-05-12,2016-04-07,10,isoken.omokaro@sfgov.org,
Isolde Wilson,2016-04-07,2016-04-07,1,isolde.wilson@sfgov.org,
Jacob Bintliff,2016-04-07,2019-01-02,11,Jacob.Bintliff@sfgov.org,
Jacquline Gladney,2026-04-15,2026-04-15,1,jacquline.gladney@sfgov.org,Customer Service Representative
James Pappas,2016-07-22,2026-04-15,17,James.Pappas@sfgov.org,Senior Planner
Jamie Dean,2011-05-12,2011-05-12,1,jamie.dean@sfgov.org,
Janice Shambray,2011-05-12,2016-04-07,10,janice.shambray@sfgov.org,
Jason Sherba,2023-05-28,2026-04-15,7,jason.sherba@sfgov.org,GIS Analyst
Jason Wright,2023-05-28,2025-03-15,5,jason.wright@sfgov.org,"Commissioner, Seat 3 Architectural Historian"
Jean Poling,2011-05-12,2013-05-14,9,jean.poling@sfgov.org,
Jeanie Poling,2016-04-07,2026-04-15,18,Jeanie.Poling@sfgov.org,Senior Environmental Planner
Jeff Horn,2023-05-28,2026-04-15,7,jeffrey.horn@sfgov.org,Senior Planner
Jeff Joslin,2013-02-20,2019-01-02,14,jeff.joslin@sfgov.org,
Jeffrey Horn,2016-04-07,2019-01-02,12,Jeffrey.Horn@sfgov.org,
Jeffrey Speirs,2013-05-14,2024-08-09,17,jeffrey.speirs@sfgov.org,Senior Planner
Jennifer Lung,2023-05-28,2026-04-15,7,jennifer.lung@sfgov.org,Planner Technician II
Jennifer McKellar,2023-05-28,2026-04-15,7,jennifer.mckellar@sfgov.org,Environmental Planner
Jennifer Mckellar,2016-04-07,2019-01-02,11,Jennifer.McKellar@sfgov.org,
Jenny Delumo,2016-04-07,2025-03-15,16,Jenny.DeLumo@sfgov.org,Senior Environmental Planner
Jeremiah Jenkins,2017-07-25,2018-04-02,4,Jeremiah.Jenkins@sfgov.org,
Jeremy Battis,2011-05-12,2012-02-16,4,jeremy.battis@sfgov.org,
Jeremy Shaw,2016-04-07,2026-04-15,18,Jeremy.Shaw@sfgov.org,Principal Planner
Jessica Look,2012-08-15,2026-04-15,22,jessica.look@sfgov.org,Senior Planner
Jessica Range,2011-05-12,2026-04-15,27,jessica.range@sfgov.org,Principal Environmental Planner
Jia Hong Situ,2023-05-28,2026-04-15,7,jiahong.situ@sfgov.org,Planner
Jim Mccormick,2011-05-12,2012-05-16,5,jim.mccormick@sfgov.org,
Joanna Linsangan,2012-02-16,2013-05-14,6,joanna.linsangan@sfgov.org,
Joel Koppel,2023-05-28,2026-04-15,7,joel.koppel@sfgov.org,Commissioner
John Billovits,2011-05-12,2012-02-16,4,john.billovits@sfgov.org,
John Boldrick,2017-07-25,2026-04-15,13,John.Boldrick@sfgov.org,Senior Data Analyst
John Dacey,2023-12-03,2026-04-15,6,john.dacey@sfgov.org,Senior Planner
John Francis,2016-04-07,2019-01-02,11,John.Francis@sfgov.org,
John Rahaim,2011-05-12,2019-01-02,20,john.rahaim@sfgov.org,
John Speer,2016-04-07,2026-04-15,18,John.Speer@sfgov.org,Senior Analyst
Johnny Jaramillo,2011-05-12,2012-11-01,7,johnny.jaramillo@sfgov.org,
Jon Swae,2011-05-12,2018-10-03,19,jon.swae@sfgov.org,
Jonas Ionin,2011-05-12,2019-01-02,20,jonas.ionin@sfgov.org,
Jonas P. Ionin,2023-05-28,2026-04-15,7,jonas.ionin@sfgov.org,Director of Commission Affairs
Jonathan Disalvo,2016-04-07,2018-01-05,8,Jonathan.DiSalvo@sfgov.org,
Jonathan Lammers,2016-04-07,2016-04-07,1,Jonathan.Lammers@sfgov.org,
Jonathan Plowman,2016-04-07,2016-04-07,1,Jonathan.Plowman@sfgov.org,
Jonathan Purvis,2011-05-12,2018-04-02,18,jonathan.purvis@sfgov.org,
Jonathan Quintanilla,2023-05-28,2026-04-15,7,,Public Service Aide
Jonathan Tso,2023-05-28,2024-08-09,4,jonathan.tso@sfgov.org,Finance Operations Manager
Jonathan Vimr,2016-10-25,2024-04-18,13,Jonathan.Vimr@sfgov.org,Senior Planner
Jorgen Cleeman,2017-04-15,2018-04-02,5,Jorgen.Cleeman@sfgov.org,
Jorgen Cleemann,2017-04-15,2019-01-02,8,Jorgen.Cleemann@sfgov.org,
Jose Campos,2011-12-17,2013-05-14,7,jose.campos@sfgov.org,
Joseph Sacchi,2023-05-28,2026-04-15,7,joseph.sacchi@sfgov.org,Assistant Planner
Josephine Chen,2016-04-07,2026-04-15,18,Josephine.Chen@sfgov.org,Management Assistant
Josephine Feliciano,2018-10-03,2019-01-02,2,Josephine.Feliciano@sfgov.org,
Josh Pollak,2017-07-25,2026-04-15,13,Josh.Pollak@sfgov.org,Senior Environmental Planner
Joshua Switzky,2011-05-12,2024-08-09,24,joshua.switzky@sfgov.org,Acting Director of Citywide Policy
Josie Feliciano,2023-05-28,2026-04-15,7,josephine.feliciano@sfgov.org,Planner Technician II
Josie Lee,2011-05-12,2013-05-14,9,josie.lee@sfgov.org,
Joy Navarrete,2011-05-12,2026-04-15,27,joy.navarrete@sfgov.org,Principal Environmental Planner
Julia Sabory,2023-05-28,2026-04-15,7,julia.sabory@sfgov.org,Community Engagement Manager
Julian Banales,2011-05-12,2019-01-02,21,julian.banales@sfgov.org,
Julian Bañales,2023-05-28,2024-08-09,4,julian.banales@sfgov.org,Principal Planner
Julie Flynn,2023-05-28,2024-04-18,3,julie.a.flynn@sfgov.org,Planner
Julie Moore,2016-04-07,2026-04-15,18,Julie.Moore@sfgov.org,Principal Environmental Planner
Justin Greving,2016-04-07,2026-04-15,19,Justin.Greving@sfgov.org,Senior Planner
Justin Horner,2016-04-07,2019-01-02,11,Justin.Horner@sfgov.org,
Justin Kran,2023-05-28,2026-04-15,7,justin.kran@sfgov.org,Planner
Kalani Alcala,2025-03-15,2026-04-15,3,kalani.alcala@sfgov.org,Assistant Planner
Kalyani Agnihotri,2023-05-28,2026-04-15,7,kalyani.agnihotri@sfgov.org,Senior Planner
Kamene Ogidi,2023-05-28,2026-04-15,7,kamene.ogidi@sfgov.org,Planner
Kanishka Burns,2013-05-14,2016-04-07,2,kanishka.burns@sfgov.org,
Kansai Uchida,2016-04-07,2019-01-02,11,Kansai.Uchida@sfgov.org,
Karen Carasi,2018-04-02,2023-05-28,4,Karen.Carasi@sfgov.org,Accountant
Karen Zhu,2011-05-12,2026-04-15,27,karen.zhu@sfgov.org,Payroll
Kari Hervey-Lentz,2023-05-28,2026-04-15,7,kari.lentz@sfgov.org,Senior Environmental Planner
Kari Lentz,2018-04-02,2018-04-02,1,Kari.Lentz@sfgov.org,
Kat Cuiffo,2025-03-15,2026-04-15,3,kathryn.cuiffo@sfgov.org,Assistant Planner
Kat Yi,2025-03-15,2026-04-15,3,kathryn.yi@sfgov.org,Planner
Kate Black,2023-05-28,2023-05-28,1,kate.black@sfgov.org,"Commissioner, SEAT 6 Real Estate Professional"
Kate Conner,2011-05-12,2026-04-15,27,kate.conner@sfgov.org,Deputy Director of Housing
Kate Mcgee,2011-05-12,2016-04-07,10,kate.mcgee@sfgov.org,
Katherine Tamimi,2023-05-28,2024-08-09,4,katherine.tamimi@sfgov.org,Principal Accountant
Katherine Wilborn,2019-01-02,2019-01-02,1,katherine.wilborn@sfgov.org,
Kathrin Moore,2023-05-28,2026-04-15,7,kathrin.moore@sfgov.org,Vice-President
Katie Lei,2023-05-28,2026-04-15,7,katie.lei@sfgov.org,Budget and Grants Analyst
Kay Cheng,2012-02-16,2019-01-02,17,kay.cheng@sfgov.org,
Kaylie Li,2023-05-28,2026-04-15,7,meiqi.li@sfgov.org,Public Service Aide
Kearstin Dischinger,2011-05-12,2018-01-05,17,kearstin.dischinger@sfgov.org,
Kei Zushi,2012-08-15,2026-04-15,14,kei.zushi@sfgov.org,Senior Environmental Planner
Keisha Calmese,2016-04-07,2019-01-02,11,Keisha.Calmese@sfgov.org,
Keith Demartini,2011-05-12,2016-04-07,10,keith.demartini@sfgov.org,
Kelley Amdur,2011-05-12,2016-04-07,10,kelley.amdur@sfgov.org,
Kelly Wong,2013-05-14,2026-04-15,9,kelly.wong@sfgov.org,"Principal Planner, Team Manager"
Ken Qi,2017-07-25,2026-04-15,13,Ken.Qi@sfgov.org,Planner
Kenya Wheeler,2016-04-07,2016-04-07,1,Kenya.Wheeler@sfgov.org,
Kevin Brusatori,2011-05-12,2018-04-02,18,kevin.brusatori@sfgov.org,
Kevin Guy,2011-05-12,2019-01-02,12,kevin.guy@sfgov.org,
Kimberly Durandet,2011-05-12,2025-09-17,27,kimberly.durandet@sfgov.org,Senior Planner
Kimia Haddadan,2012-02-16,2025-09-17,23,kimia.haddadan@sfgov.org,Senior Planner
Kofi Akinjide,2023-12-03,2024-04-18,2,kofi.akinjide@sfgov.org,Racial & Social Equity Plan Manager
Kristian Romasanta,2023-05-28,2026-04-15,7,kristian.romasanta@sfgov.org,Senior Community Development Specialist
Kurt Botn,2016-04-07,2026-04-15,19,Kurt.Botn@sfgov.org,Senior Planner
Lakeisha Calmese,2018-07-09,2018-07-09,1,lakeisha.calmese@sfgov.org,
Lana Russell,2016-04-07,2018-04-02,9,Lana.Russell@sfgov.org,
Lana Wong,2018-10-03,2019-01-02,2,Lana.Wong@sfgov.org,
Laura Ajello,2016-04-07,2026-04-15,19,Laura.Ajello@sfgov.org,Planner
Laura Lynch,2013-02-20,2026-04-15,20,laura.lynch@sfgov.org,Senior Planner
Lauren Bihl,2023-05-28,2026-04-15,7,lauren.bihl@sfgov.org,Planner
Lauren Hiller,2023-05-28,2026-04-15,7,lauren.hiller@sfgov.org,Planner
Leigh Kienker,2011-05-12,2011-05-12,1,leigh.kienker@sfgov.org,
Lily Langlois,2011-05-12,2026-04-15,27,lily.langlois@sfgov.org,Principal Planner
Lily Yegazu,2013-05-14,2016-04-07,2,lily.yegazu@sfgov.org,
Linda Ajellohoagland,2016-10-25,2019-01-02,10,Linda.AjelloHoagland@sfgov.org,
Linda Avery,2011-05-12,2012-11-01,7,linda.avery@sfgov.org,
Lisa Chau,2011-05-12,2013-05-14,9,lisa.chau@sfgov.org,
Lisa Chen,2016-04-07,2026-04-15,18,Lisa.Chen@sfgov.org,Principal Planner
Lisa Fisher,2016-04-07,2019-01-02,11,Lisa.Fisher@sfgov.org,
Lisa Gibson,2011-05-12,2026-04-15,27,lisa.gibson@sfgov.org,"Director of Environmental Planning, Environmental Review Off"
Lisa Gluckstein,2026-04-15,2026-04-15,1,lisa.gluckstein@sfgov.org,"Manager, Legislation and Policy"
Lorabelle Cook,2016-04-07,2023-12-03,14,Lorabelle.Cook@sfgov.org,Planner Technician II
Luciana Garcia,2016-04-07,2016-04-07,1,Luciana.Garcia@sfgov.org,
Luiz Barata,2018-04-02,2019-01-02,4,Luiz.Barata@sfgov.org,
Lulu Hwang,2011-05-12,2026-04-15,27,lulu.hwang@sfgov.org,Operations Manager
Maggie Dong,2023-12-03,2026-04-15,6,maggie.dong@sfgov.org,Planner
Maggie Laush,2023-05-28,2026-04-15,7,maggie.laush@sfgov.org,Planner
Maggie Smith,2023-05-28,2026-04-15,7,maggie.smith@sfgov.org,Preservation Planner
Maggie Wenger,2016-07-22,2019-01-02,10,Maggie.Wenger@sfgov.org,
Magie Wenger,2016-07-22,2018-10-03,9,Magie.Wenger@sfgov.org,
Maia Small,2016-04-07,2026-04-15,19,maia.small@sfgov.org,Principal Planner
Malena Leon-Farrera,2023-05-28,2026-04-15,7,malena.leon-farrera@sfgov.org,Planner
Manoj Madhavan,2016-04-07,2019-01-02,11,Manoj.Madhavan@sfgov.org,
Manushi Mathur,2023-05-28,2026-04-15,7,manushi.mathur@sfgov.org,Senior Planner
Marcelle Boudreaux,2016-04-07,2023-05-28,13,Marcelle.Boudreaux@sfgov.org,Principal Planner
Margaret Yuen,2011-05-12,2016-04-07,10,margaret.yuen@sfgov.org,
Maria Dealva,2017-07-25,2017-07-25,1,Maria.DeAlva@sfgov.org,
Maria Oropeza-Mander,2011-05-12,2016-04-07,10,maria.oropeza-mander@sfgov.org,
Mariah Chinchilla,2023-05-28,2026-04-15,7,mariah.chinchilla@sfgov.org,Sr Community Development Specialist
Marisa Espinosa,2016-04-07,2018-04-02,9,Marisa.Espinosa@sfgov.org,
Mark Luellen,2011-05-12,2018-04-02,18,mark.luellen@sfgov.org,
Mark Paez,2011-05-12,2013-05-14,9,mark.paez@sfgov.org,
Marlo Isaac,2013-02-20,2013-05-14,2,marlo.isaac@sfgov.org,
Marlo Sandler,2016-04-07,2018-01-05,8,Marlo.Sandler@sfgov.org,
Martin Thibodeau,2016-04-07,2018-04-02,9,Martin.Thibodeau@sfgov.org,
Mary Brown,2011-05-12,2016-04-07,10,mary.brown@sfgov.org,
Mary Cheung-Woods,2011-05-12,2011-07-25,2,mary.cheung-woods@sfgov.org,
Mary Jane Green,2023-05-28,2026-04-15,7,mary.j.green@sfgov.org,Senior Clerk
Mary Woods,2011-12-17,2026-04-15,22,mary.woods@sfgov.org,Senior Planner
María De Alva,2023-05-28,2026-04-15,7,maria.dealva@sfgov.org,Senior Planner
Mathew Chandler,2017-10-24,2026-04-15,13,Mathew.Chandler@sfgov.org,"Senior Planner, Cannabis Implementation"
Mathew Snyder,2011-05-12,2026-04-15,27,mathew.snyder@sfgov.org,Senior Planner
Matt Weintraub,2011-05-12,2011-12-17,3,matt.weintraub@sfgov.org,
Matthew Dito,2016-04-07,2026-04-15,19,Matthew.Dito@sfgov.org,Senior Planner
Matthew Priest,2016-04-07,2018-04-02,9,Matthew.Priest@sfgov.org,
Matthew Thompson,2023-05-28,2024-08-09,4,matthew.r.thompson@sfgov.org,Assistant Planner
Max Putra,2023-05-28,2026-04-15,7,max.setyadiputra@sfgov.org,Senior Planner
Max Setyadiputra,2016-04-07,2019-01-02,12,Max.Setyadiputra@sfgov.org,
Megan Calpin,2018-04-02,2026-04-15,10,Megan.Calpin@sfgov.org,Senior Environmental Planner
Melanie Bishop,2023-05-28,2026-04-15,7,melanie.bishop@sfgov.org,Senior Planner
Melinda Hue,2016-04-07,2018-01-05,8,Melinda.Hue@sfgov.org,
Melissa Lavalley,2011-05-12,2013-02-20,8,melissa.lavalley@sfgov.org,
Melissa Wong,2017-07-25,2026-04-15,12,Melissa.Wong@sfgov.org,Clerk
Menaka Mohan,2016-04-07,2018-01-05,8,Menaka.Mohan@sfgov.org,
Michael Christensen,2016-10-25,2019-01-02,10,michael.christensen@sfgov.org,
Michael Diaz,2018-10-03,2019-01-02,2,Michael.Diaz@sfgov.org,
Michael Eng,2016-04-07,2025-09-17,16,Michael.Eng@sfgov.org,Human Resources Manager
Michael Jacinto,2011-05-12,2018-04-02,18,michael.jacinto@sfgov.org,
Micheal Sanders,2011-05-12,2026-04-15,27,micheal.sanders@sfgov.org,IT Manager 628.652.7603
Michelle Langlie,2017-07-25,2026-04-15,14,Michelle.Langlie@sfgov.org,Senior Planner
Michelle Stahlhut,2012-02-16,2013-05-14,6,michelle.stahlhut@sfgov.org,
Michelle Taylor,2018-04-02,2024-08-09,7,Michelle.Taylor@sfgov.org,Senior Planner
Mike Wynne,2011-05-12,2026-04-15,27,mike.wynne@sfgov.org,GIS Analyst
Milton Martin,2011-07-25,2026-04-15,26,milton.martin@sfgov.org,Planner Technician II
Ming Yeung,2016-04-07,2018-04-02,9,Ming.Yeung@sfgov.org,
Miriam Chion,2023-05-28,2025-03-15,5,miriam.chion@sfgov.org,Director of Community Equity
Moises Aceves,2013-02-20,2013-02-20,1,moises.aceves@sfgov.org,
Monica Giacomucci,2018-10-03,2026-04-15,9,Monica.Giacomucci@sfgov.org,Senior Planner
Monica Huggins,2016-04-07,2026-04-15,18,Monica.Huggins@sfgov.org,Planner Technician II
Monica Pereira,2011-05-12,2016-04-07,10,monica.pereira@sfgov.org,
Monica Way,2011-05-12,2011-12-17,3,monica.way@sfgov.org,
Moses Corrette,2011-05-12,2025-09-17,27,moses.corrette@sfgov.org,Senior Planner
Nadia Bishop,2016-07-22,2018-10-03,9,Nadia.Bishop@sfgov.org,
Nannie Turrell,2011-05-12,2016-04-07,10,nannie.turrell@sfgov.org,
Natalia Fossi,2023-05-28,2026-04-15,7,natalia.fossi@sfgov.org,Principal Planner
Natalia Kwiatkowska,2016-04-07,2019-01-02,11,Natalia.Kwiatkowska@sfgov.org,
Neil Hrushowy,2011-05-12,2019-01-02,20,neil.hrushowy@sfgov.org,
Nicholas Foster,2016-04-07,2026-04-15,19,Nicholas.Foster@sfgov.org,"Principal Planner, Team Manager"
Nicholas Perry,2011-05-12,2019-01-02,20,nicholas.perry@sfgov.org,
Nora Priego,2011-05-12,2019-01-02,21,nora.priego@sfgov.org,
Office of Commission Affairs,2025-09-17,2026-04-15,2,commissions.secretary@sfgov.org,Inquiries and General Info
Office of Short-Term Rentals,2023-05-28,2026-04-15,7,shorttermrentals@sfgov.org,General Info
Omar Masry,2016-04-07,2019-01-02,3,Omar.Masry@sfgov.org,
Oscar A. Hernandez-Gomez,2025-03-15,2025-09-17,2,oscar.hernandez-gomez@sfgov.org,Senior Product Designer/ Data Analyst
Oscar Grande,2023-05-28,2026-04-15,7,oscar.grande@sfgov.org,Senior Community Development Specialist
Oscar Hernandez-Gomez,2023-05-28,2026-04-15,7,oscar.hernandez-gomez@sfgov.org,Architect & Urban Designer
Ozzie Taeb,2011-05-12,2018-01-05,17,ozzie.taeb@sfgov.org,
Paolo Ikezoe,2016-04-07,2019-01-02,11,Paolo.Ikezoe@sfgov.org,
Patricia Gerber,2011-05-12,2018-01-05,17,patricia.gerber@sfgov.org,
Patrick Race,2016-04-07,2026-04-15,18,Patrick.Race@sfgov.org,Senior Planner
Paul Chasan,2011-05-12,2019-01-02,21,paul.chasan@sfgov.org,
Paul Lord,2011-05-12,2012-11-01,7,paul.lord@sfgov.org,
Paul Maltzer,2016-04-07,2018-04-02,9,Paul.Maltzer@sfgov.org,
Paula Chiu,2016-04-07,2018-04-02,9,paula.chiu@sfgov.org,
Pedro Peterson,2016-04-07,2018-04-02,9,Pedro.Peterson@sfgov.org,
Peter Byrne,2018-10-03,2019-01-02,2,Peter.Byrne@sfgov.org,
Pilar LaValley,2023-05-28,2026-04-15,7,pilar.lavalley@sfgov.org,Senior Planner
Pilar Lavalley,2013-05-14,2019-01-02,13,pilar.lavalley@sfgov.org,
Rachael Tanner,2016-10-25,2024-08-09,11,Rachael.Tanner@sfgov.org,Director
Rachel Schohn,2017-07-25,2018-01-05,3,Rachel.Schohn@sfgov.org,
Rachel Schuett,2011-05-12,2026-04-15,27,rachel.schuett@sfgov.org,Senior Environmental Planner
Rachna Rachna,2011-05-12,2026-04-15,27,rachna.rachna@sfgov.org,Senior Planner
Randall Dean,2011-05-12,2018-04-02,18,randall.dean@sfgov.org,
Reanna Tong,2018-04-02,2024-08-09,7,Reanna.Tong@sfgov.org,Senior Planner
Rebecca Salgado,2017-07-25,2026-04-15,14,Rebecca.Salgado@sfgov.org,Senior Planner
Reception SF Planning,2023-05-28,2026-04-15,7,,see About Us > Location and Hours for details 628.652.7600
Reza Amindarbari,2023-05-28,2026-04-15,7,reza.amindarbari@sfgov.org,Data & Analytics Manager
Rhia Bordon,2018-04-02,2019-01-02,3,Rhia.Bordon@sfgov.org,
Rich Hillis,2023-05-28,2026-04-15,7,rich.hillis@sfgov.org,Director
Richard Sucre,2011-05-12,2019-01-02,21,richard.sucre@sfgov.org,
Richard Sucré,2023-05-28,2024-08-09,4,richard.sucre@sfgov.org,Deputy Director
Rick Cooper,2011-05-12,2023-12-03,22,rick.cooper@sfgov.org,Principal Environmental Planner
Rick Crawford,2011-05-12,2013-05-14,9,rick.crawford@sfgov.org,
Robert Vergara,2023-05-28,2024-04-18,3,robert.vergara1@sfgov.org,"Commissioner, SEAT 4 Historian"
Robin Abad,2016-04-07,2019-01-02,11,Robin.Abad@sfgov.org,
Rogelio Baeza,2023-05-28,2026-04-15,7,rogelio.baeza@sfgov.org,Planner
Ruchira Nageswaran,2023-05-28,2026-04-15,7,ruchira.nageswaran@sfgov.org,"Vice President, SEAT 1 Historic Architect"
Ryan Balba,2023-05-28,2023-12-03,2,ryan.balba@sfgov.org,Planner
Ryan Shum,2018-10-03,2026-04-15,9,Ryan.shum@sfgov.org,Environmental Planner
Sally Morgan,2018-04-02,2026-04-15,10,Sally.Morgan@sfgov.org,Senior Environmental Planner
Sandra Soto-Grondona,2011-05-12,2013-05-14,9,sandra.soto-grondona@sfgov.org,
Sandy Ngan,2016-04-07,2016-04-07,1,Sandy.Ngan@sfgov.org,
Sara Vellve,2011-05-12,2018-04-02,18,sara.vellve@sfgov.org,
Sarah Dennis,2011-05-12,2013-05-14,9,sarah.dennis@sfgov.org,
Sarah Dennis Phillips,2025-09-17,2026-04-15,2,sarah.dennis-phillips@sfgov.org,Director
Sarah Richardson,2023-05-28,2026-04-15,7,sarah.richardson@sfgov.org,Planner
Scott Dowdee,2011-05-12,2011-12-17,3,scott.dowdee@sfgov.org,
Scott Edmondson,2012-05-16,2025-03-15,19,scott.edmondson@sfgov.org,Senior Planner/ Data Analyst
Scott Sanchez,2011-05-12,2019-01-02,20,scott.sanchez@sfgov.org,
Seema Adina,2016-04-07,2019-01-02,12,Seema.Adina@sfgov.org,
Seungyen Hong,2016-07-22,2019-01-02,10,SeungYen.Hong@sfgov.org,
Shannon Ferguson,2016-04-07,2026-04-15,19,Shannon.Ferguson@sfgov.org,Senior Planner
Sharon Young,2023-05-28,2026-04-15,7,sharon.m.young@sfgov.org,Planner
Shaunn Mendrin,2016-04-07,2016-04-07,1,Shaunn.Mendrin@sfgov.org,
Sheila Nickolopoulos,2011-05-12,2019-01-02,20,sheila.nickolopoulos@sfgov.org,
Shelley Caltagirone,2011-05-12,2019-01-02,21,shelley.caltagirone@sfgov.org,
Sherie George,2017-07-25,2026-04-15,13,Sherie.George@sfgov.org,Senior Environmental Planner
Shijia Lu,2023-05-28,2026-04-15,7,shijia.lu@sfgov.org,Senior Community Development Specialist
Shirley Hao,2024-04-18,2025-09-17,4,shirley.hao@sfgov.org,Contracts Analyst
Sophie Hayward,2011-05-12,2013-05-14,9,sophie.hayward@sfgov.org,
Stephanie Cisneros,2016-04-07,2019-01-02,12,Stephanie.Cisneros@sfgov.org,
Stephanie Skangos,2016-07-22,2018-01-05,7,Stephanie.Skangos@sfgov.org,
Stephen Shotland,2011-05-12,2012-11-01,7,stephen.shotland@sfgov.org,
Steve Kim,2016-04-07,2016-04-07,1,Steve.Kim@sfgov.org,
Steve Smith,2011-05-12,2016-07-22,11,steve.smith@sfgov.org,
Steve Wertheim,2011-05-12,2018-04-02,18,steve.wertheim@sfgov.org,
Sue Diamond,2023-05-28,2024-08-09,4,sue.diamond@sfgov.org,President
Susan Chu,2013-05-14,2019-01-02,12,susan.chu@sfgov.org,
Susan Exline,2011-05-12,2019-01-02,20,susan.exline@sfgov.org,
Susan Gygi,2016-04-07,2018-04-02,9,Susan.Gygi@sfgov.org,
Susan Mickelsen,2011-05-12,2016-04-07,10,susan.mickelsen@sfgov.org,
Susan Parks,2013-05-14,2018-04-02,10,susan.parks@sfgov.org,
Susan Wong,2011-05-12,2013-05-14,9,susan.wong@sfgov.org,
Susanna Chau,2026-04-15,2026-04-15,1,susanna.chau@sfgov.org,IS Business Analyst – Senior
Suzette Parinas,2023-05-28,2026-04-15,7,suzette.parinas@sfgov.org,Executive Assistant to the ZA
Svetha Ambati,2018-04-02,2019-01-02,3,Svetha.Ambati@sfgov.org,
Sydney Atoyebi,2023-05-28,2024-04-18,3,sydney.atoyebi@sfgov.org,Planner
Sydney Cespedes,2023-05-28,2025-09-17,6,sydney.cespedes@sfgov.org,Planner
Sydney Céspedes,2026-04-15,2026-04-15,1,sydney.cespedes@sfgov.org,Senior Community Development Specialist
Sydney Tolu Atoyebi,2024-08-09,2026-04-15,4,sydney.atoyebi@sfgov.org,Assistant Planner
Sylvia Jimenez,2016-04-07,2026-04-15,19,Sylvia.Jimenez@sfgov.org,Principal Planner
Tam Tran,2017-10-24,2024-08-09,9,Tam.Tran@sfgov.org,Principal Planner
Tania Sheyner,2016-04-07,2026-04-15,18,Tania.Sheyner@sfgov.org,Senior Environmental Planner
Tara Sullivan,2011-05-12,2013-02-20,8,tara.sullivan@sfgov.org,
Taylor Booker,2023-12-03,2026-04-15,6,taylor.booker@sfgov.org,Senior Community Development Specialist
Teresa Ojeda,2011-05-12,2019-01-02,20,teresa.ojeda@sfgov.org,
Theodore Chen,2018-10-03,2026-04-15,9,Theodore.Chen@sfgov.org,Clerk
Theresa Imperial,2023-05-28,2026-04-15,7,theresa.imperial@sfgov.org,Commissioner
Theresa Monchez,2012-05-16,2019-01-02,17,theresa.monchez@sfgov.org,
Thomas DiSanto,2023-05-28,2025-09-17,6,thomas.disanto@sfgov.org,Director of Administration
Thomas Disanto,2011-05-12,2019-01-02,20,thomas.disanto@sfgov.org,
Thomas Wang,2011-05-12,2016-04-07,10,thomas.wang@sfgov.org,
Tim Frye,2011-05-12,2019-01-02,21,tim.frye@sfgov.org,
Timothy Johnston,2011-05-12,2026-04-15,27,timothy.johnston@sfgov.org,Senior Planner for SFPUC
Tina Chang,2016-04-07,2018-04-02,9,Tina.Chang@sfgov.org,
Tina Tam,2011-05-12,2024-08-09,24,tina.tam@sfgov.org,Deputy Zoning Administrator
Tina Tran,2017-07-25,2017-07-25,1,Tina.Tran@sfgov.org,
Todd Kennedy,2016-04-07,2018-04-02,9,Todd.Kennedy@sfgov.org,
Tony Yeung,2016-04-07,2026-04-15,18,Tony.Yeung@sfgov.org,Clerk
Trent Greenan,2018-10-03,2026-04-15,9,Trent.Greenan@sfgov.org,Senior Architect and Urban Designer
Veronica Flores,2016-04-07,2026-04-15,19,Veronica.Flores@sfgov.org,Senior Planner
Victoria Lewis,2016-04-07,2026-04-15,19,Victoria.Lewis@sfgov.org,Planner Technician II
Viktoriya Wise,2011-05-12,2016-04-07,10,viktoriya.wise@sfgov.org,
Vincent Nguyen,2017-07-25,2018-04-02,4,Vincent.Nguyen@sfgov.org,
"Vincent Page, II",2023-05-28,2026-04-15,7,Vincent.W.Page.II@sfgov.org,Planner
Virnaliza Byrd,2011-05-12,2026-04-15,27,virnaliza.byrd@sfgov.org,Planner Technician II
Vladimir Vallejo,2012-02-16,2024-04-18,20,vladimir.vallejo@sfgov.org,Planner Technician II
Wade Wietgrefe,2012-02-16,2019-01-02,17,wade.Wietgrefe@sfgov.org,
Wayne Farrens,2016-04-07,2018-04-02,9,Wayne.Farrens@sfgov.org,
Wei Qian,2023-05-28,2026-04-15,7,wei.qian@sfgov.org,Senior Accountant
Wesley Wong,2023-05-28,2026-04-15,6,wesley.a.wong@sfgov.org,Planner
Will McCallum,2023-05-28,2026-04-15,7,will.mccallum@sfgov.org,Assistant Planner
William San,2018-04-02,2026-04-15,11,William.San@sfgov.org,Planner Technician II
Xinyu Liang,2018-10-03,2026-04-15,9,Xinyu.Liang@sfgov.org,Principal Planner
Ye Min,2011-07-25,2011-07-25,1,ye.min@sfgov.org,
Yvonne Ko,2011-05-12,2019-01-02,20,yvonne.ko@sfgov.org,
Zoey Feng,2023-05-28,2026-04-15,7,yajian.feng@sfgov.org,Analyst
